experiment_id,config,checkpoint,checkpoint_sha256,split,full_split,status,paper_target,measured_metrics,delta
linrec_ml20m,configs/linrec_ml20m.json,checkpoints/linrec_ml20m.pt,0682add5a28c8e06b0f07a559e43be1dc3cfd567a417837b1623d2cdbcc19feb,validation,True,measured_better,"{""hr_at_10"": 0.2428, ""ndcg_at_10"": 0.1339}","{""hr_at_10"": 0.24409869694605763, ""ndcg_at_10"": 0.13469478676839938}","{""hr_at_10"": 0.001298696946057637, ""ndcg_at_10"": 0.0007947867683993914}"
linrec_amazon,configs/linrec_amazon.json,checkpoints/linrec_amazon.pt,d04336191ae2c9c869ead03b12514135e65f08902cb1ffdccc9b43f85febedf6,validation,True,aligned,"{""hr_at_10"": 0.0559, ""ndcg_at_10"": 0.0343}","{""hr_at_10"": 0.055948274367730415, ""ndcg_at_10"": 0.03425079468503849}","{""hr_at_10"": 4.827436773041649e-05, ""ndcg_at_10"": -4.9205314961504876e-05}"
linrec_kuairand,configs/linrec_kuairand.json,checkpoints/linrec_kuairand.pt,e0eaa702a4bd01fce40362f48c45f5b673949ca1777e8aaab35f02463705fbd1,validation,True,gap,"{""macro_gauc"": 0.5256}","{""macro_gauc"": 0.525358189872893, ""multitask_loss"": 0.50864760472275}","{""macro_gauc"": -0.00024181012710700056}"
hstu_ml20m,configs/hstu_ml20m.json,checkpoints/hstu_ml20m.pt,b9eac211cbbd49acb86980e729841e3776826443ef307f7b1005ef03709e5f3d,validation,True,measured_better,"{""hr_at_10"": 0.2364, ""ndcg_at_10"": 0.1288}","{""hr_at_10"": 0.25157464389933837, ""ndcg_at_10"": 0.1381295665010308}","{""hr_at_10"": 0.01517464389933837, ""ndcg_at_10"": 0.009329566501030812}"
hstu_amazon,configs/hstu_amazon.json,checkpoints/hstu_amazon.pt,d00f9e4f84a1fb63fda1f2fb1178784b1a146b9cadf4216df5bbbd31c2baffe0,validation,True,gap,"{""hr_at_10"": 0.0537, ""ndcg_at_10"": 0.0255}","{""hr_at_10"": 0.04467229454488724, ""ndcg_at_10"": 0.02419147101006298}","{""hr_at_10"": -0.009027705455112757, ""ndcg_at_10"": -0.0013085289899370176}"
hstu_kuairand,configs/hstu_kuairand.json,checkpoints/hstu_kuairand.pt,008109403b910c4d55eeda2d8d6dca506a02bdd0b1834c97ffb173dc21e36cdc,validation,True,gap,"{""macro_gauc"": 0.5419}","{""macro_gauc"": 0.5405245691699403, ""multitask_loss"": 1.3981579079341124}","{""macro_gauc"": -0.001375430830059754}"
fuxilinear_ml20m,configs/fuxilinear_ml20m.json,checkpoints/fuxilinear_ml20m.pt,f43f863f6a76e140ca895e6a1ae593bbd8b88f9f242f37a895e1dffa3a52064e,validation,True,measured_better,"{""hr_at_10"": 0.2393, ""ndcg_at_10"": 0.1286}","{""hr_at_10"": 0.23937476524804252, ""ndcg_at_10"": 0.128589087087004}","{""hr_at_10"": 7.476524804250761e-05, ""ndcg_at_10"": -1.091291299598618e-05}"
fuxilinear_amazon,configs/fuxilinear_amazon.json,checkpoints/fuxilinear_amazon.pt,55fbbcf8ef74188d63701cf82116e051c72557a3ef4060c64fed57402ade9c1c,validation,True,measured_better,"{""hr_at_10"": 0.0409, ""ndcg_at_10"": 0.0228}","{""hr_at_10"": 0.043110471667042245, ""ndcg_at_10"": 0.023794619310385724}","{""hr_at_10"": 0.0022104716670422464, ""ndcg_at_10"": 0.0009946193103857227}"
fuxilinear_kuairand,configs/fuxilinear_kuairand.json,checkpoints/fuxilinear_kuairand.pt,e1ec3b541a158ef733037ca219a41db98def097974cded74d8dfb2bad790831b,validation,True,gap,"{""macro_gauc"": 0.5361}","{""macro_gauc"": 0.5359279346280785, ""multitask_loss"": 0.6163112096478883}","{""macro_gauc"": -0.00017206537192149263}"
blossomrec_ml20m,configs/blossomrec_ml20m.json,checkpoints/blossomrec_ml20m.pt,381d6457f860e4f040ca5a623a4153fbf7a17c7d6636f3270de380c7cb8a0645,validation,True,measured_better,"{""hr_at_10"": 0.238, ""ndcg_at_10"": 0.1298}","{""hr_at_10"": 0.23795903036606858, ""ndcg_at_10"": 0.12990175367348786}","{""hr_at_10"": -4.096963393140918e-05, ""ndcg_at_10"": 0.0001017536734878588}"
blossomrec_amazon,configs/blossomrec_amazon.json,checkpoints/blossomrec_amazon.pt,811227939d7230f92b8712bf7c0313b7e7e90f3b4b79e7b6cc05d961dd33df70,validation,True,aligned,"{""hr_at_10"": 0.0485, ""ndcg_at_10"": 0.0292}","{""hr_at_10"": 0.04850144741631854, ""ndcg_at_10"": 0.029241625238553323}","{""hr_at_10"": 1.4474163185368427e-06, ""ndcg_at_10"": 4.1625238553322924e-05}"
blossomrec_kuairand,configs/blossomrec_kuairand.json,checkpoints/blossomrec_kuairand.pt,c3621cd657b9a0f87a7486f15e8e45d9c97839c162567ea42765286609d607d0,validation,True,aligned,"{""macro_gauc"": 0.5365}","{""macro_gauc"": 0.5365483208921794, ""multitask_loss"": 0.598926372375497}","{""macro_gauc"": 4.832089217943203e-05}"
